<?xml version="1.0" encoding="UTF-8"?>
<project-private xmlns="http://www.netbeans.org/ns/project-private/1">
    <editor-bookmarks xmlns="http://www.netbeans.org/ns/editor-bookmarks/2" lastBookmarkId="0"/>
    <open-files xmlns="http://www.netbeans.org/ns/projectui-open-files/2">
        <group>
            <file>file:/D:/joki/akbar/Konversi/src/konversi/MeterConverter.java</file>
            <file>file:/D:/joki/akbar/Konversi/src/konversi/MainFrame.java</file>
            <file>file:/D:/joki/akbar/Konversi/src/konversi/Konversi.java</file>
            <file>file:/D:/joki/akbar/Konversi/src/konversi/LengthConverter.java</file>
            <file>file:/D:/joki/akbar/Konversi/src/konversi/KilometerConverter.java</file>
            <file>file:/D:/joki/akbar/Konversi/src/konversi/MilimeterConverter.java</file>
            <file>file:/D:/joki/akbar/Konversi/src/konversi/InchConverter.java</file>
            <file>file:/D:/joki/akbar/Konversi/src/konversi/LengthConvertible.java</file>
        </group>
    </open-files>
</project-private>
